address,chain,slug,name,symbol,description,defaultTokenId,logo,website,discordUrl,telegramUrl,twitterUsername,mediumUsername,lastFetched,dailyVolume,dailyVolumeUSD,totalVolume,totalVolumeUSD,marketCap,marketCapUSD,floor,floorUSD,owners
0x28472a58a490c5e09a238847f66a68a47cc76f0f,ethereum,adidasoriginals,adidas Originals Into the Metaverse,ADI,"Bored Ape Yacht Club, PUNKS Comic, and gmoney welcome adidas Originals into the Metaverse.",0,https://lh3.googleusercontent.com/_wXtGDZ07ZelRfyfqDQkhoTX_feD_w3wdFuJ25z2ZLA1R6GFzuQ2jOGURRS8d7UEJGJd1svd61tZnGRS4zN-VXTUUVmg8Wymt-Uk=s120,https://www.adidas.com/into_the_metaverse,,,,,2021-12-19T00:12:14.907Z,7404.379589194592,29311199,9699.027567428,38394861,0.7440656714329087,2945,0.89,3523,18869
71ghWqucipW661X4ht61qvmc3xKQGMBGZxwSDmZrYQmf,solana,shadowy_super_coder_dao,Shadowy Super Coder DAO,,Shadowy Super Coder DAO,,https://i.imgur.com/Hqc29kA.jpg,,,,,,2021-12-23T15:03:12.259Z,6003.428888889,1080017,114517.547010626,20601707,31564.99669,5678543,80.0,14392,0
BW7m1wf9zP42SacnUMcw7Xb2tQA8dph3GFZ5HDuReKpf,solana,panthers_in_the_metaverse,Panthers in the Metaverse,,"PITM are 3,333 bold Panther warriors on unique adventures exploring the Metaverse. The project focuses on adding value to the lives of it's members through dedicated weekly alpha, holder exclusive airdrops and a strong community. Staking and breeding are also in the mix to explore the perfect mix of innovative technology.",,https://dl.airtable.com/.attachmentThumbnails/e3115279cc99436c47b88f63283b7cdb/d06e0422,,,,,,2021-12-23T14:46:45.335Z,5673.395535968,1020644,9666.170240186,1738944,7051746.79739,1268609249,5.0,900,0
CmhU1KQf7SRyCjgCw47Axo89DMc9c1q94jKMRtDAAnSu,solana,the_neighborhood,The Neighborhood,,"The Neighborhood. Join the most futuristic, diverse and eco-friendly community in the Solana Metaverse.",,https://dl.airtable.com/.attachmentThumbnails/f7633101e4983b55c58c6a4dd80915b1/d74886f0,,,,,,2021-12-23T14:44:15.623Z,4766.784403404,857545,4814.115635404,866059,11816.03370222,2125704,1.82,327,0
EAJ6w757boibxSWX9rDy4sbWsqc1tqDc6gnbe8QAGhDd,solana,space_runners,Space Runners,,"Space Runners is the first NFT Metaverse Fashion brand in collaboration with artists and brands, designing digitally wearable NFTs through Augmented Reality (AR) and plug-in's into the Metaverse as items. 

As the genesis batch, Space Runners teamed up with NBA Champions Kyle Kuzma and Nick Young to launch a 10K Sneaker NFT Collection. Owners of the NFTs become members of an exclusive RUNNERS club, where they can reap members-only benefits such as tickets to NBA basketball games, signed Kyle Kuzma & Nick Young merchandise, exclusive invites to NBA parties & pick up games, auto-whitelist for Space Runners‚Äô next drop, and more.  

Visit www.spacerunners.com for more information.",,https://i.imgur.com/nMBgkj6.jpg,,,,,,2021-12-23T14:44:12.964Z,2855.4083989,513688,2919.615699698,525239,119674.085654321,21529368,5.0,900,0
0x49cf6f5d44e70224e2e23fdcdd2c053f30ada28b,ethereum,clonex,CLONE X - X TAKASHI MURAKAMI,CloneX,"üß¨ CLONE X üß¨

20,000 next-gen Avatars, by RTFKT and Takashi Murakami üå∏",15549,https://lh3.googleusercontent.com/XN0XuD8Uh3jyRWNtPTFeXJg_ht8m5ofDx6aHklOiy4amhFuWUa0JaR6It49AH8tlnYS386Q0TW_-Lmedn0UET_ko1a3CbJGeu5iHMg=s120,http://www.rtfkt.com,,,,,2021-12-18T23:29:45.980Z,1983.1209999990012,7873308,38926.97438626748,154546317,133373.35955907978,529513577,4.39,17429,6691
terra103z9cnqm8psy0nyxqtugg6m7xnwvlkqdzm4s4k,terra,galactic-punks,Galactic Punks,,"Galactic Punks are 10,921 randomly generated Punks minted into the Terraverse.",,https://randomearth-mirror.s3.us-east-2.amazonaws.com/punk3.jpg,https://randomearth.io/collections/terra103z9cnqm8psy0nyxqtugg6m7xnwvlkqdzm4s4k,,,,,2021-12-22T03:02:56.671Z,1466.98,135578,121740.31760000014,11251240,163815.0,15139782,15.0,1386,5209
8J9W44AfgWFMSwE4iYyZMNCWV9mKqovS5YHiVoKuuA2b,solana,3d_flowers,3D Flowers,,3D Flowers is a 3D NFT with upgradeable traits that will connect the SOLANA NFT ecosystem to the world of physical collectibles.,,https://dl.airtable.com/.attachmentThumbnails/93ccd80bf0ee24da685aea2daebc0d12/27f5d6d3,,,,,,2021-12-23T14:44:34.591Z,1211.999488886,218039,6338.899759853,1140368,23675.25521545,4259178,2.05,369,0
0x09233d553058c2f42ba751c87816a8e9fae7ef10,ethereum,mypethooligan,My Pet Hooligan,MPH,"An NFT collection of 8888 Pet Hooligans ‚Äì unique 3D characters built with a wide variety of unique traits on the Ethereum blockchain. Not only will your NFT be packed with utility, they will also serve as your unique playable characters in our ever-expanding Metaverse, The Rabbit Hole due for beta release in Q1 2022!

This constitutes our genesis drop and is available now!",7147,https://lh3.googleusercontent.com/cdJmA0q7yBVaohfUK7AU1q7ZpeBiC5wt4nh6wRFmpQbGcYM260IP9NFPErTJs-Va0Z8x02EHEH-0wUdydBGZY2yj4akcFk0UjvAjaw=s120,http://mypethooligan.com,,,,,2021-12-19T00:12:16.270Z,961.0327294253801,3804373,3435.326955272172,13599188,4227.216665991763,16733987,0.478,1892,5148
0x4e1f41613c9084fdb9e34e11fae9412427480e56,ethereum,terraforms,Terraforms by Mathcastles,TERRAFORMS,"Onchain land art from a dynamically generated, onchain 3D world.",4420,https://lh3.googleusercontent.com/5w8DDjrDhTKLfe-r6erP3yF1m9nfFi-d4b_WbArv17vqatPg0ZwTVrnOGiry3YhQCS00gfxzOEDSbW2Zr4soCTZ0A-u0TZ3Xjln4qA=s120,,,,,,2021-12-18T23:27:56.798Z,872.1055636488738,3462399,879.111463648877,3490213,4012.71845504244,15931134,0.245,973,2329
0x0aa7420c43b8c1a7b165d216948870c8ecfe1ee1,ethereum,thingdoms-nft-official,Thingdoms NFT Official,THING,Do Good Things.,1673,https://lh3.googleusercontent.com/pj2DA_BEkdRyLSReBoSPokAAapXPSBF8bWy1MyeJCaSbcj5u-_L0ZRnWdmSEalt6vKWAcTnK1w9LXsHAtvXiDPsgf5PX3UODUgeR=s120,,,,,,2021-12-13T06:14:38.345Z,623.0357258768539,2523214,813.7697124850768,3295662,1913.851628610227,7750850,0.13,526,4197
0xbc4ca0eda7647a8ab7c2061c2e118a18a936f13d,ethereum,boredapeyachtclub,Bored Ape Yacht Club,BAYC,"The Bored Ape Yacht Club is a collection of 10,000 unique Bored Ape NFTs‚Äî unique digital collectibles living on the Ethereum blockchain. Your Bored Ape doubles as your Yacht Club membership card, and grants access to members-only benefits, the first of which is access to THE BATHROOM, a collaborative graffiti board. Future areas and perks can be unlocked by the community through roadmap activation. Visit www.BoredApeYachtClub.com for more details.",9698,https://lh3.googleusercontent.com/Ju9CkWtV-1Okvf45wo8UctR-M9He2PjILP0oOvxE89AyiPPGtrR3gysu1Zgy0hjd2xKIgjJJtWIc0ybj4Vd7wv8t3pxDGHoJBzDB=s120,http://www.boredapeyachtclub.com/,,,,,2021-12-19T00:12:18.963Z,619.8679999999999,2453828,263613.7295525631,1043549218,624302.6079126927,2471383033,48.99,193933,5961
0x35471f47c3c0bc5fc75025b97a19ecdde00f78f8,ethereum,partybear,PartyBear,PartyBears,üêª Let's Party! üêª,7579,https://lh3.googleusercontent.com/Pq4am5kMfPJxybtOv9OUcAIkYh6nn-A99Z_HcGnDk_G86qKm4P1yGTXEq2RBXsNirSXVJj0LxYIRKkx0wUNr_K8fPrEoRzc1M66lQQ=s120,https://partybear.xyz/,,,,,2021-12-18T23:30:23.736Z,552.390194651122,2193077,609.4162235310306,2419480,2584.405905842793,10260505,0.2,794,4189
0x60e4d786628fea6478f785a6d7e704777c86a7c6,ethereum,mutant-ape-yacht-club,Mutant Ape Yacht Club,MAYC,"The MUTANT APE YACHT CLUB is a collection of up to 20,000 Mutant Apes that can only be created by exposing an existing Bored Ape to a vial of MUTANT SERUM or by minting a Mutant Ape in the public sale.",25492,https://lh3.googleusercontent.com/lHexKRMpw-aoSyB1WdFBff5yfANLReFxHzt1DOj_sg7mS14yARpuvYcUtsyyx-Nkpk6WTcUPFoG53VnLJezYi8hAs0OxNZwlw6Y-dmI=s120,,,,,,2021-12-19T00:12:20.593Z,551.7246510065781,2184074,129648.70792458011,513231265,127598.19310644777,505114035,6.79,26879,10711
0x50f5474724e0ee42d9a4e711ccfb275809fd6d4a,ethereum,sandbox,The Sandbox,SAND,"The Sandbox is a community-driven platform where creators can monetize voxel assets and gaming experiences on the blockchain. The Sandbox metaverse comprises a map made up of 166,464 LANDS.  LAND owners can host contests and events, stake SAND to earn and customize assets, monetize assets and experiences, vote in the metaverse governance, play games that you or others create, and more! Trade the collection and keep your eyes peeled for future drops.",39231,https://lh3.googleusercontent.com/SXH8tW1siikB80rwCRnjm1a5xM_MwTg9Xl9Db6mioIk9HIlDM09pVoSR7GKJgS6ulSUpgW9BDtMk_ePX_NKgO9A=s60,https://www.sandbox.game/,,,,,2021-12-19T00:12:21.771Z,532.1224235380311,2106476,113853.40584025107,450703508,366292.4058081602,1450016106,3.0,11876,17315
0x7828c811636ccf051993c1ec3157b0b732e55b23,ethereum,degenerate-regenerate,DEGENERATE/REGENERATE,OBEYDG,"Degenerate/Regenerate is a 7,400 piece generative NFT art project by Shepard Fairey. Pulling from Fairey‚Äôs 32 year stencil, illustration, and fine art archive, this collection layers iconic images programmatically to create new, unique pieces of digital art.
Public Mint Dec 18, 2021 -- (http://nft.obeygiant.com)",6970,https://lh3.googleusercontent.com/NwKupgupe7JVDZkob6YkfGwZ8d9dhyhMAszTCslzjGyHS3CjNtGPYLnn7PTyuDhDw3fG0KyxPllSd-UEFkNjTfil4B9kBheE1v9MtA=s120,http://nft.obeygiant.com,,,,,2021-12-18T23:29:44.052Z,529.8777169084144,2103699,568.1537968083148,2255661,1352.7471352578898,5370623,0.138,548,4287
CNcoLGiY5QiCYqCXo1uAogZuNCjBXKSRTg738PZxWM5p,solana,enviro,enviro,,"Enviro Gallery is the next generation photorealistic art gallery that provides a premium place to display your favorite NFTs. This is not only a professional art gallery with photography/videography tools and much more, but also a destination gallery in the metaverse. ",,https://dl.airtable.com/.attachmentThumbnails/5a81eaad0164ffc361c6e8d8257c55b6/369fa907,,,,,,2021-12-23T14:45:45.994Z,518.869499988,93345,16594.849818337,2985413,2070.858259,372547,1.0,180,0
FNjSes2HqQn6tREnUauGdgzdBorbkzc1L7jeFZVM9aNy,solana,genopets,Genopets,,"Genopets is the world‚Äôs first move-to-earn NFT Game. Genesis Genopets are a playable collection of 3,333 limited-edition, pre-evolved Stage 4 Genopets, and the only ones that will ever exist with a Genesis marking. The Genoverse awaits.",,https://i.imgur.com/mAnN4LT.jpg,,,,,,2021-12-14T17:05:05.339Z,512.21,80668,38965.104456508,6136614,26599.477899,4189152,16.8,2646,0
5WumDfbLVQSjJ63P2Dqxsw4v7w3LwNTDLsCsCF9FvFh5,solana,pawnshop_gnomies,Pawnshop Gnomies,,"5,555 Gnomies run the first NFT lending protocol on Solana",,https://cdn.discordapp.com/attachments/911061131991334912/911159082524737536/Gnomie_Magic_500.jpg,,,,,,2021-12-23T14:58:00.178Z,463.09569,83311,4352.296840256,782978,6863.459352269,1234736,2.45,441,0
0x348fc118bcc65a92dc033a951af153d14d945312,ethereum,clonex-mintvial,RTFKT - CloneX Mintvial,,"Mint Vials are used to redeem Clone X Avatars.
 1 Mint Vial = 1 Random Clone.",793,https://lh3.googleusercontent.com/xOw5gYzZzkm83sL8ObO_wv-adMrsw5w9TkPjrJLT3c2dbGIS8DR_Qm_hsth7esBM2l3q_FOmlqzO0dR4BFquFEX5wSx-Suc82669=s120,https://rtfkt.com,,,,,2021-12-19T00:12:24.523Z,450.56179899999995,1783607,23707.588768712234,93849572,6739.3989126417,26678787,10.988,43497,916
ALNcW6QDNf7H4iNiTM3FD16LZ4zMGyEeCYQiE1AbCoXk,solana,solgods,SOLgods ,,"Inspired by artwork from metaphysical artist Giorgio de Chirico, SOLgods are a collection of 6,666 randomly generated, unique artworks encoded on the Solana blockchain.",,https://i.imgur.com/UclQYJVh.jpg,,,,,,2021-12-23T15:04:52.026Z,449.3766,80843,12561.31197742,2259780,159047.964533332,28612729,4.09,736,0
0xf54cc94f1f2f5de012b6aa51f1e7ebdc43ef5afc,ethereum,projectnanopass,Project NANOPASS,NP,"//.5,555 virtual plots in the Nanoverse that also double as an early access token

//.NANOPASSES give users one BLACK BOX a week in perpetuity",3360,https://lh3.googleusercontent.com/fZ4I5g6uU4pufmceGnEd8Z60OBlHwYWI2gJKnrlaJCO7WW1c1kUyL17oh7culsru9Yy6sbiMT8x9-DY2uQMZhDDW8aSyddEOsV6dpCE=s120,http://nanopass.io,,,,,2021-12-19T00:12:23.151Z,449.33207999999996,1778739,4549.960390998543,18011610,8541.747202432205,33813617,1.39,5502,3918
AsbhrsY4posEBmZ8vyAooKtpvyJoWQWTqsSnnZpDmChn,solana,taiyo_robotics,Taiyo Robotics,,"Taiyo Robotics are 2,121 Robots that have been manufactured on the Solana blockchain. They have been created to protect the world against giant monsters that have plagued earth.",,https://dl.airtable.com/.attachmentThumbnails/72a25e9d4d6f89582ebddb4e17aad0e6/bd10fa1b,,,,,,2021-12-23T14:56:57.896Z,435.35,78319,19969.968149261,3592597,2178.1477,391849,10.0,1799,0
0xc36cf0cfcb5d905b8b513860db0cfe63f6cf9f5c,ethereum,town-star,Town Star,,"From one of the founders of Zynga and some of the creative minds behind FarmVille and Words With Friends comes Town Star. Blockchain is the next evolution of gaming and has the $148B industry buzzing with excitement. It‚Äôs gaming re-imagined to benefit creators and players, alike.",89494262500206815890867521754555039612928,https://lh3.googleusercontent.com/wp7V1K4Ezhi8yHU6LFpff-GMsjend65nRiwNz5pGAjCwk7ybznEpfUvXiIxQoOWBmeN00AGjVTRhLUqY4fee1fus=s120,https://www.gala.games/,,,,,2021-12-19T00:12:25.903Z,404.20275092225125,1600089,16621.243521860244,65797353,73.39565802839655,290546,0.00348933,14,31721
0xd692ced124a474f051f9744a301c26d1017b3d54,ethereum,shiba-social-club,Shiba Social Club Official Collection,SSC,"The Shiba Social Club is a collection of 7777 Shiba NFTs inspired by the new wealthy generation of crypto-currency and NFTs.

Each piece is a unique 3d artwork with a collection of more than 150+ traits. The objective is to build the strongest community and project around NFTs.",5200,https://lh3.googleusercontent.com/kfewBO8NsaP0WNHzOHkzbusosAa25KW2Vib76i-6UMdTLSHKDSEqUxqCIhZv9CEB6cYgLkIOVoQyOu54U1f4m_HHdtb2Wx7jjqdfOQ=s120,https://shibasocialclub.com/,,,,,2021-12-18T23:31:09.953Z,356.6252383343748,1415859,2175.21184117863,8635939,5054.264263174835,20066238,0.648,2573,4750
0xa5c0bd78d1667c13bfb403e2a3336871396713c5,ethereum,coolmans-universe,Coolman's Universe,COOLMAN,"A project by Coolman Coffeedan. üé® 10,000 Speshies vibin‚Äô as NFTs surfing through the Universe ü™ê",5952,https://lh3.googleusercontent.com/E2qCzhIiOS7mfw-vkPU3ROBTbNMeSaC47DLYXd9qiV275KGgciNbbKFgpffwOEpTTJ9JHHztmv1nnh6bOo0KpoFueK4EitHJzsqX=s120,https://coolmansuniverse.com/,,,,,2021-12-18T23:27:34.499Z,354.2868165505523,1406575,354.28681655055107,1406575,1094.1534263465348,4343964,0.173,687,3390
7R8pCF4eAcDLoUfndHVFbmXpeotQe6e4QHD3z6RaTg9Y,solana,og_flowers,OG Flowers,,OG Flowers the Genesis Collection of the SOL Flowers world. All OG's are rare but only a few will produce Genesis Seeds.,,https://dl.airtable.com/.attachmentThumbnails/27843335698d03a26ca4490785692850/71ff16fe,,,,,,2021-11-30T23:52:12.063Z,325.74,68076,5018.61518,1048840,3941.57319,823749,7.5,1567,0
Ebxse9h1jkuU3WaGboU7eDT8kpDYUjZPPkaWcpaaqwPH,solana,lucky_kittens,Lucky Kittens,,Lucky Kittens is a collection of 5888 Unique Asian Solana NFTs which are also the keys to physical Kitten Klubs and community events which will be coming soon!,,https://dl.airtable.com/.attachmentThumbnails/0fc5c5babd0296b1565f53d70546aefb/02007923,,,,,,2021-12-23T14:48:05.869Z,312.745022339,56263,16778.181833477,3018395,126711.424938217,22795385,1.52,273,0
22aCNyykzcpX6r1ThuZLoqgMHSzsByBBz5bbNkqpMP4q,solana,solana_monkette_busines,Solana Monkette Business,,3333 generative female NFTs inspired by SolanaMBS and MonkeDAO,,https://dl.airtable.com/.attachmentThumbnails/40bfaa16ec30707bd459441f63649e43/8b97b6ed,,,,,,2021-12-23T15:06:04.948Z,305.5333,54965,35623.491179191,6408666,6172.97015666,1110517,2.85,513,0
terra1k0y373yxqne22pc9g7jvnr4qclpsxtafevtrpg,terra,levana-dragons-eggs,Levana Dragons: Eggs,,Stage 2 of the Levana Dragons Adventure,,https://d75aawrtvbfp1.cloudfront.net/partners%2Flevana%2Flogo.png,https://randomearth.io/collections/terra1k0y373yxqne22pc9g7jvnr4qclpsxtafevtrpg,,,,,2021-12-22T03:02:58.951Z,299.72,27700,7055.3908999999985,652059,12435.5,1149289,1.9,176,2498
0x8a90cab2b38dba80c64b7734e58ee1db38b8992e,ethereum,doodles-official,Doodles,DOODLE,"A community-driven collectibles project featuring art by Burnt Toast. Doodles come in a joyful range of colors, traits and sizes with a collection size of 10,000. Each Doodle allows its owner to vote for experiences and activations paid for by the Doodles Community Treasury.",6373,https://lh3.googleusercontent.com/7B0qai02OdHA8P_EOVK672qUliyjQdQDGNrACxs7WnTgZAkJa_wWURnIFKeOh5VTf8cfTqW3wQpozGedaC9mteKphEOtztls02RlWQ=s120,https://doodles.app,,,,,2021-12-19T00:12:37.091Z,292.5764777672659,1158202,30790.686296803407,121888934,39536.81723409877,156511631,3.5,13855,5303
CbPuZtVMAWwPySvsUAEbZhe8y9rkeAZ5qLhsGBVvtau9,solana,mrn_s1_vikings_premium_drop,Mini Royale: Nations - Season 1 (Premium),,"War, deception, and destruction ravages the Miniverse. Vikings, channeling the power of Odin, have descended upon the Miniverse to compete in quests, form powerful clans, and seize control. Let the battles begin.",,https://dl.airtable.com/.attachmentThumbnails/7ad257f04fbecc1bab55d0210540a565/63466b50,,,,,,2021-12-23T14:51:17.495Z,291.15,52378,17558.892224292,3158845,189510.663022,34092968,2.28,410,0
terra1trn7mhgc9e2wfkm5mhr65p3eu7a2lc526uwny2,terra,lunabulls,LunaBulls,,"The LunaBulls are 10069 Unique NFT collectables of space-faring, bipedal Bulls on a mission to defend the TerraVerse. Come join the stampede at LunaBulls.com.",,https://randomearth-mirror.s3.us-east-2.amazonaws.com/lunabulls_logo.png,https://randomearth.io/collections/terra1trn7mhgc9e2wfkm5mhr65p3eu7a2lc526uwny2,,,,,2021-12-22T03:03:01.777Z,290.13,26814,32800.2504110001,3031399,15204.19,1405171,1.51,140,4466
0x0b22fe0a2995c5389ac093400e52471dca8bb48a,ethereum,little-lemon-friends,Little Lemon Friends,LEMON,"9,999 Little lemons that fell from the giant lemon tree, each lemon finding their own little adventures in this big big world! üçãüå≥",1639,https://lh3.googleusercontent.com/SSHi3LwWt7tnEIV_pvuL56-Uyr6ajDrIpFZjNn8VpCx9esjY3hkRz4MV_yUa82bdzt5eUdnTizeBB615CPKkqHEED-71dLrczPs6npY=s120,https://www.littlelemonfriendsnft.com/,,,,,2021-12-19T00:12:38.479Z,242.28532880625914,959118,636.2487332750018,2518673,991.0700938590339,3923280,0.17,673,3210
0xb47e3cd837ddf8e4c57f05d70ab865de6e193bbb,ethereum,cryptopunks,CryptoPunks,PUNK,"CryptoPunks launched as a fixed set of 10,000 items in mid-2017 and became one of the inspirations for the ERC-721 standard. They have been featured in places like The New York Times, Christie‚Äôs of London, Art|Basel Miami, and The PBS NewsHour.",4808,https://lh3.googleusercontent.com/BdxvLseXcfl57BiuQcQYdJ64v-aI8din7WPk0Pgo3qQFhAUH-B6i-dCqqc_mCkRIzULmwzwecnohLhrcH8A9mpWIZqA7ygc52Sr81hE=s120,https://www.larvalabs.com/cryptopunks,,,,,2021-12-19T00:12:35.730Z,240.0,950071,752905.3512492861,2980473711,798787.5289888763,3162104276,0.0,0,3286
AQ4eav78LaWrJsgs1UKNjgYqBCH6bDi5Zv46j4HTds1H,solana,dope_cats,Dope Cats,,3333 Of The DOPEST Cats On Solana!,,https://dl.airtable.com/.attachmentThumbnails/c985cc991de05a23d1f6a20444f5a615/ab7e0184,,,,,,2021-12-23T14:45:11.937Z,233.587913038,42022,1695.277519182,304980,9664.962483532,1738727,1.22,219,0
0x57a204aa1042f6e66dd7730813f4024114d74f37,ethereum,cyberkongz,CyberKongz,KONGZ,"Welcome to an alternate reality, where evolution took a different route and weird apes roam the earth.
Some appear normal. Some look weird. And some are just damn cool! 
Every CyberKong is unique and owns randomized items with different rarities. A few are super rare and even animated!
**Maybe some of them look familiar!**",2029,https://lh3.googleusercontent.com/LIpf9z6Ux8uxn69auBME9FCTXpXqSYFo8ZLO1GaM8T7S3hiKScHaClXe0ZdhTv5br6FE2g5i-J5SobhKFsYfe6CIMCv-UfnrlYFWOM4=s120,http://cyberkongz.com,,,,,2021-12-19T00:12:41.256Z,228.164,903217,38209.01969616439,151255372,28725.556521739138,113713850,4.6,18210,2270
0x86758d1c5ab95ff324f7e0b2cdec38c86eebe768,ethereum,inft-personality-pod-sale,iNFT Personality Pod Sale,POD,"Bring your NFT to life using a iNFT Personality Pod by Alethea AI. 

A Personality Pod enables you to power your NFT with AI, turning it into an intelligent NFT (iNFT). Once your NFT is fused with a Pod, you can not only create a unique, on-chain and evolving AI-generated personality for your NFT, but also offer powerful AI Services within the world‚Äôs first Intelligent Metaverse: Noah‚Äôs Ark.

Total iNFT Personality Pods available for sale: 8888

TOS: https://alethea.ai/pods/tos
",2,https://lh3.googleusercontent.com/0LsJSNxzhiXQ-8TqwrMEJZuLgQnDTEweihqp32L_dXpkywpCIK4o8Fgs9JZDduK1Oj5Ek_xlBqd5lMIJoxSnWRi-GaknxnHINmy2H7Y=s120,https://alethea.ai/,,,,,2021-12-19T00:12:39.846Z,220.0,870899,2000.3000000000434,7918448,60.0,237518,20.0,79173,1
terra1p70x7jkqhf37qa7qm4v23g4u4g8ka4ktxudxa7,terra,levana-dragons-meteor-dust,Levana Dragons: Meteor Dust,,Stage 2 of the Levana Dragons Adventure,,https://d75aawrtvbfp1.cloudfront.net/partners%2Flevana%2Flogo.png,https://randomearth.io/collections/terra1p70x7jkqhf37qa7qm4v23g4u4g8ka4ktxudxa7,,,,,2021-12-22T03:03:04.359Z,215.5569,19922,2652.540690000001,245148,3138.98,290105,0.13,12,3820
AvhNKLTXJ1XwnLGgx9qqa85hSQyBDdiJJdTKEtH6UE34,solana,fine_fillies,Fine Fillies,,"The Fine Fillies are a collection of 5,000 unique NFT's, and your ticket to breeding a 'Generation Zero' racehorse in 'Photo Finish 2', the upcoming ULTIMATE virtual horse racing metaverse!",,https://dl.airtable.com/.attachmentThumbnails/f846d93384b0514d7701f70e01fab4f2/044a8715,,,,,,2021-12-23T15:04:34.980Z,197.68,35563,13137.99538542,2363525,15011.247699992,2700523,4.9,882,0
0xedb61f74b0d09b2558f1eeb79b247c1f363ae452,ethereum,guttercatgang,Gutter Cat Gang,,"Welcome to the Gutter. The Gutter Cats are a collection of 3,000 randomly generated NFTs on the Ethereum blockchain that double as membership tokens into the Gutter Cat Gang. Gutter Cats represent GCG‚Äôs premier level of membership, unlocking varying and unique levels of community led access and perks.

[Website](https://guttercatgang.com/)

**Collections**

[Gutter Rats](https://opensea.io/collection/gutterrats)

[Gutter Pigeons](https://opensea.io/collection/gutterpigeons)

[Gutter Dogs](https://opensea.io/collection/gutterdogs)


**Merch**

[Gutter Merch 1.0](https://opensea.io/collection/gutter-merch)

[Gutter Merch 2.0](https://opensea.io/collection/gutter-merch-2)

[Redeem Merch](https://redeem.guttercatgang.com/)

",878,https://lh3.googleusercontent.com/gjOExI2qNNJuv6fo4hmHamRzDMRLkYPFQtK4d67GE3bgdVJCyZngUwY_h6qp9244pp7l_pF2JBHtOJ8cLgzFbulxMK-KqlZnu9E1sg=s120,https://guttercatgang.com,,,,,2021-12-19T00:13:58.913Z,177.856842,704069,15567.466531724007,61625840,14598.224636363639,57788970,4.2069,16654,1734
0x698fbaaca64944376e2cdc4cad86eaa91362cf54,ethereum,neotokyo-outer-identities,NeoTokyo Outer Identities,NEOTOI,,3029,https://lh3.googleusercontent.com/fmy3rZQgswpkd5TV3QWl66JG3SvIPGhWDtHr3dKKi15EAUb96k-lKFsi0amKXyJv9Lh7xnDBHG0Btq--bIorfDfL0dJ39RVQYofU=s120,,,,,,2021-12-19T00:14:06.175Z,167.90380000000002,664669,7833.376356666972,31009439,36556.098553935415,144712068,6.48,25652,4082
CikSRR9oTRnKyGgE9d3AccDiL6BzbugPZs4v592B9LxT,solana,cyberkeys,CyberKeys,,CyberKeys are an exclusive collection of 500 Solana NFTs that can access and utilize a special tool suite called The Codex,,https://dl.airtable.com/.attachments/ed34f2bb8a3b1d64fda9bbbd1d160535/d6c38dc9/CyberKeys.gif,,,,,,2021-12-23T14:46:02.562Z,157.356996969,28309,6374.589333274,1146789,719.38,129416,7.5,1349,0
76umLJH3kAEBTD1hpuD9494sJCSTFkkkaJav2ZGvRV3L,solana,kaizen_corps,Kaizen Corps,,"Kaizen Corps are 5589 Solana-powered mech-armor suits used to participate in a massive online collaborative strategy game. Build an army of Kais and faction up to play our win-to-earn game, Domination. Pre-alpha games will start as soon as Q1 of 2022 so join the Discord to join a faction, win together and earn rewards.",,https://dl.airtable.com/.attachmentThumbnails/f4346e834e8e060a8abb8ede37e66e76/99245904,,,,,,2021-12-23T14:48:03.423Z,156.587343301,28170,1057.714854572,190283,11609.2553607,2088505,0.45,81,0
0x959e104e1a4db6317fa58f8295f586e1a978c297,ethereum,decentraland,Decentraland,EST,"Decentraland is an Ethereum blockchain-powered virtual world, developed and owned by its users, who can create, experience, and monetize content and applications. Join a growing community of virtual world inhabitants who are building the world's largest alternate reality economy on the blockchain. In this store, you can buy and sell land assets in MANA, DCL's native currency.",384,https://lh3.googleusercontent.com/5KIxEGmnAiL5psnMCSLPlfSxDxfRSk4sTQRSyhPdgnu70nGb2YsuVxTmO2iKEkOZOfq476Bl1hAu6aJIKjs1myY=s60,https://decentraland.org/,,,,,2021-12-19T00:14:09.459Z,152.21950820000004,602581,235176.88060696435,930978255,560843.0968863326,2220170309,3.4,13459,6051
FzeXx41UqWRqYxic3ftehHSTeq5bmaruYbsMrBn4b9qv,solana,jambo_mambo,Jambo Mambo,,A genesis collection of 4444 Origin Jambos for the Jambo Mambo P2E Game & Ecosystem. ROO ROO! jambomambo.io,,https://i.imgur.com/aY1YyLd.jpg,,,,,,2021-12-23T14:53:42.299Z,151.6019,27273,3975.63198075,715216,17284.87378,3109549,1.19,214,0
0xef0182dc0574cd5874494a120750fd222fdb909a,ethereum,rumble-kong-league,Rumble Kong League,RKL,"Rumble Kong League is a competitive play-to-earn basketball experience, combining engaging gameplay and web3 functionalities, enabling users to compete in engaging ways through NFTs. Only one Kong is needed to play the game, everyone is welcome!

Launching with a set of unique 10,000 ERC-721 tokens, called Kongs. Alongside a truly unique look, each Kong comes with a randomly generated set of attributes that can influence their performance in a match, providing additional depth and strategic elements.",1594,https://lh3.googleusercontent.com/x18rNFBg9leLL9TtHkhhiC8cwIurh1UhMKU6TL_JMbGyUsY8MTMhyPiz8Nz7VRJHShEgIQlCP070UB9gGWvJ05ST7IclovIWnwAUww=s120,http://www.rumblekongleague.com,,,,,2021-12-19T00:14:12.243Z,145.22114035,574877,13309.96287466578,52689218,40320.19082560839,159612717,2.84,11243,3018
H2RXRdTrUPo5CPWEqZEKg8g8PoXCp9g77gPNoxFNRWoa,solana,chainmyth,ChainMyth,,"5v5 FPS multiplayer game with MOBA mechanics and tokenised characters, in-game assets such as weapons, skins and taunts.",,https://dl.airtable.com/.attachmentThumbnails/56226f8081528434a49be4781d5ac66d/ad61a280,,,,,,2021-12-23T14:46:59.924Z,144.833,26055,16143.833225251,2904276,33926.662198123,6103407,1.94,349,0
0xa342f5d851e866e18ff98f351f2c6637f4478db5,ethereum,the-sandbox-assets,The Sandbox ASSETS,ASSET,"The Sandbox is a community-driven platform where creators can monetize voxel assets and gaming experiences on the blockchain. The Sandbox metaverse comprises a map made up of 166,464 LANDS.  LAND owners can host contests and events, stake SAND to earn and customize assets, monetize assets and experiences, vote in the metaverse governance, play games that you or others create, and more! Trade the collection and keep your eyes peeled for future drops.",55464657044963196816950587289035428064568320970692304673817341489688235476992,https://lh3.googleusercontent.com/SXH8tW1siikB80rwCRnjm1a5xM_MwTg9Xl9Db6mioIk9HIlDM09pVoSR7GKJgS6ulSUpgW9BDtMk_ePX_NKgO9A=s60,,,,,,2021-12-19T00:14:10.843Z,143.00552340070007,566106,5928.007757031466,23466789,814.879222063961,3225805,0.01061539291,42,22387
0xc143bbfcdbdbed6d454803804752a064a622c1f3,ethereum,async-blueprints,Async Blueprints,ASYNC-BLUEPRINT,Explore limited editions of generative and provably random art collections made with Blueprints on Async Canvas.,1683,https://lh3.googleusercontent.com/UMC1b08UvLhCEgjHQzGCSpQXSSGmMojcm1y-dL0Q5XISLe9f9jX5Q2xqug26gevnp8-XoQvzd-Pv5S47jvw-bB-Dn2DIaH9fietb4g=s120,http://async.art/blueprints,,,,,2021-12-19T00:14:13.599Z,142.47824737474505,564019,1633.0357691314127,6464584,6024.46356280604,23848622,0.275,1089,1034
terra1ca9peph7c20eqr9cns2vhn6sp6cp7vv4jnzjrc,terra,derby-stars,Derby Stars,,"Derby Stars is an NFT game which implements the ""Play to earn"" model through racing and training of racehorses. It will be launched on the Terra mainnet, and will provide a variety of gaming experience including breeding, collecting, racing, etc. It is also a metaverse game that will maximize the value of the NFT you will own through high-quality cartoon rendering graphics.",,https://d75aawrtvbfp1.cloudfront.net/misc/derbystars/logo.png,https://randomearth.io/collections/terra1ca9peph7c20eqr9cns2vhn6sp6cp7vv4jnzjrc,,,,,2021-12-22T03:03:06.869Z,142.05,13128,20395.11240099997,1884916,14529.6,1342826,4.8,444,1323
7sYTfkfH1kTAYnxJzjmYx2peTh7HW9AfmYM38NtykWoP,solana,octopus_art,Octopus Art,,"Octopus Art is a Solana collection of 5000 3D, vibrant, colorful and unique Octopus. We're sharing for the first time, Modular NFTs Concept.",,https://i.imgur.com/NGZpVVi.jpg,,,,,,2021-11-25T00:39:12.574Z,139.1996666,29019,139.1996666,29019,1104.066288621,230165,0.55,115,0
0x5fdb2b0c56afa73b8ca2228e6ab92be90325961d,ethereum,slotienft,Slotie NFT,SLOTIE,"üëë Become a HOUSE in 150 online casinos üé∞ Slotie is a üÜï utility NFT that creates DeFi ecosystem in gambling.

üí∞Sold Out in Under 5 Minutes üí∞",5881,https://lh3.googleusercontent.com/FDfJqrobmHVsLC6tNvjYv90xxRUPqG39zJqpjj-FpgKJJX5n23IegiO4lkqbATXRUxz2z8GGHa8qMN0cHqof1hx2xetxy6MobmKxkw=s120,https://www.slotie.com/,,,,,2021-12-19T00:14:18.008Z,136.94349763699898,542109,3505.2473022447602,13875977,7124.040903656575,28201442,0.45,1781,4484
0xf9c362cdd6eeba080dd87845e88512aa0a18c615,ethereum,meta-legends,Meta Legends,ML,"Our goal is to create a complete ecosystem with an app [Meta-Connect](https://www.meta-connect.io/app) and a  Metaverse [Meta-Life](https://www.meta-life.io/metaverse)

Discover the gameplay of our Metaverse with the Unreal 5 Engine [Preview](https://www.youtube.com/watch?v=aIeu5AqFqQ4)

Will you be one of them ?",7513,https://lh3.googleusercontent.com/G6oiHHDRJreAXlpneSeaaYM5HVyst2HYd2nQH9Zzw02g8mUfBTSNGl4zlwASuFZl01XbiaXjWX_6rf7l5roJTAaq1o1-EevvOsFFGg=s120,https://www.meta-legends.com/,,,,,2021-12-19T00:14:16.659Z,123.250999,487905,1527.1827883953495,6045552,5120.346201653647,20269556,0.299,1184,5319
0x797a48c46be32aafcedcfd3d8992493d8a1f256b,ethereum,punks-comic,PUNKS Comic,COMIC2,"Meet the PUNKS! Everyone‚Äôs favorite misfit crew of collectors, rebels, and crypto degens from the metaverse. A project by Pixel Vault.",0,https://lh3.googleusercontent.com/ejZNFaWsdUnmzbafD0TRf0RoIX9NiyaCRii_j7PhCnYa8CBW2SzGEjn3RDg4k3gYvFY8T5_cosCj7ozT69zELByZ5OvqoaWCi1LrJG0=s120,https://punkscomic.com/,,,,,2021-12-19T01:31:49.589Z,121.75554000000004,481944,45842.41801321436,181457585,10236.815527943148,40520285,0.378,1496,5912
0x1cb1a5e65610aeff2551a50f76a87a7d3fb649c6,ethereum,cryptoadz-by-gremplin,CrypToadz by GREMPLIN,TOADZ,"CrypToadz are a collection 6969 small amphibious creatures trying to escape the tyrannical rule of the Evil King Gremplin. Created by Gremplin, with a small bit of help from his friends.

This project is in the public domain. Feel free to use the toadz in any way you want.",1839,https://lh3.googleusercontent.com/iofetZEyiEIGcNyJKpbOafb_efJyeo7QOYnTog8qcQJhqoBU-Vu9l3lXidZhXOAdu6dj4fzWW6BZDU5vLseC-K03rMMu-_j2LvwcbHo=s120,https://cryptoadz.io,,,,,2021-12-19T00:14:20.742Z,120.52064520999998,477097,51605.664326478,204287731,21375.464237088207,84617554,2.69,10649,3658
0x47474caa8383e015c0b3f22b2ae2fd8b794e4c8e,ethereum,from-the-fragments-of-tezuka-osamu-mosaic-art,From the Fragments of Tezuka Osamu - Mosaic Art,TZKM,"[From the Fragments of Tezuka Osamu]

Tezuka Osamu was a pioneer who established the base of manga now known as one of the most influential pop cultures. So far manga has contributed to the development of cultures all over the world, and infiltrated into a wide range of industries as well. 

Now, ‚ÄúFrom the Fragments of Tezuka Osamu‚Äù, the digital NFT art project based on numerous manga manuscripts by Tezuka Osamu, is finally revealed as the official NFT works authorized by Tezuka Productions. 


[Mosaic Art NFT]

A vast amount of manga manuscripts drawn by Osamu Tezuka were used in the creation of Mosaic Art NFT.

This art piece can be enjoyed in various ways. Seen from distance, it appeals to audience as a powerful integrated picture. Seen up close, each tiny piece gives off Tezuka‚Äôs exceptional enthusiasm for manga creation. This is one and only one art piece in the world. 

Only the owner can experience the overwhelming world of Tezuka Osamu.",1,https://lh3.googleusercontent.com/dzhA4CQ6aTsc2x96FMtog0UXLQBz-ENL5FmnaZSc_JQolmvpObyrcfY2BlIOtyqtBEi-VXWbhDcPcp3fGPloQsw-1C9egHSs_FcFAQ=s120,https://tezuka-art.nftplus.io/,,,,,2021-12-19T00:10:16.277Z,120.0,476419,120.0,476419,120.0,476419,0.0,0,1
0x27d270b7d58d15d455c85c02286413075f3c8a31,ethereum,m,merge.,m,Merge is a game of extinction.,23498,https://lh3.googleusercontent.com/kkm2fXYCLfD-7hZbfb-g6xdOZiuzCJcSR5-sOAl4Dz0tBOw9hLdgeiayPeiyuEjnZ72OK091c0M7AthiBALQ5rqF7o51icWoskFF=s120,,,,,,2021-12-19T00:14:19.367Z,112.05830201068977,443597,754.0270202734099,2984914,22833.588619287944,90389729,0.197,780,6520
82w517aDUJL7tdQXTBJjBdw8YPnua4ogebHMyf3Pja2w,solana,bitbrawl,BitBrawl,,"BitBrawl Is The PVP Game Of Solana. Fight your way into victory with 10,000 brawlers from 4 different regions; Nedunia, The Dynasty, Ghule Islands & The Underground. You can either use your brawlers, or if you hold an NFT from our partnered projects such as DeGods, Pesky Penguins, Thugbirdz and many more, you can use their NFTs as playable skins as well! With ranked and tournament modes, BitBrawl is the only skill based competitive PVP game built on Solana. Only listed in Magic Eden NFT Marketplace.",,https://dl.airtable.com/.attachmentThumbnails/b0f74e3c568ac3d59a7721d3a1cc3505/85fa5a3f,,,,,,2021-12-23T14:47:14.138Z,106.172,19100,4099.294031814,737463,5301.100333912,953668,0.4,72,0
STEPNq2UGeGSzCyGVr2nMQAzf8xuejwqebd84wcksCK,solana,stepn,STEPN,,"STEPN is the world‚Äôs first move2earn NFT mobile game. In STEPN, your steps are worth more than you think ‚Äì exercising and moving outdoors can now earn anyone tokens anytime, anywhere. STEPN aims to nudge millions into healthier lifestyles and bring them to the Web 3.0 world.",,https://dl.airtable.com/.attachmentThumbnails/d5c12b4eb46e676d72569a2084345c94/6ef0628f,,,,,,2021-12-23T14:49:32.439Z,104.81,18855,1932.018476969,347570,827.18992,148811,1.9,342,0
0xc92ceddfb8dd984a89fb494c376f9a48b999aafc,ethereum,creatureworld,Creature World,CREATURE,"Welcome to The Creature World. You have arrived in a nearby magical dimension of love, divine intervention, and possibility. 10,000 unique Creatures are here to guide you on this journey. Follow their lead. Created with love by NYC-based artist Danny Cole. www.creature.world",5885,https://lh3.googleusercontent.com/PkMdNUr4UsEq5RLvAm721Ja5QGAijunAVDMz0hfRuyHQn853TRQzKL4aTFBgWPoy-nWlYA3hXzAm7flCmKn7Z9p2HN0GJxAtAixB4g=s120,http://creature.world,,,,,2021-12-19T00:15:35.365Z,100.93689693999998,399572,29098.463419315896,115190050,17941.062365652182,71022028,1.68,6650,5938
C7jrUdxFuZ1ecNygWiLmM88wPeEPz92g2XpsmiNyqW9y,solana,baby_wukongs,Baby Wukongs,,999 Baby Wukongs wandering Solana,,https://dl.airtable.com/.attachmentThumbnails/cd6e7b8aeaa5ef9e7ccaf15264506718/5c69bffe,,,,,,2021-12-23T14:47:01.139Z,100.36869,18056,2063.442565115,371213,3790.4788,681907,1.4,252,0
0x1a92f7381b9f03921564a437210bb9396471050c,ethereum,cool-cats-nft,Cool Cats NFT,COOL,"Cool Cats is a collection of 9,999 randomly generated and stylistically curated NFTs that exist on the Ethereum Blockchain. Cool Cat holders can participate in exclusive events such as NFT claims, raffles, community giveaways, and more. Remember, all cats are cool, but some are cooler than others.

- [Cool Cats Collabs](https://opensea.io/collection/cool-cats-collabs)
- [Cool Cats Events](https://opensea.io/collection/cool-cats-events)
- [Cool Cats Achievements](https://opensea.io/collection/cool-cats-achievements)
- [Cool Cats Originals](https://opensea.io/collection/cool-cats-originals)",1164,https://lh3.googleusercontent.com/LIov33kogXOK4XZd2ESj29sqm_Hww5JSdO7AFn5wjt8xgnJJ0UpNV9yITqxra3s_LMEW1AnnrgOVB_hDpjJRA1uF4skI5Sdi_9rULi8=s120,http://coolcatsnft.com,,,,,2021-12-19T00:14:24.047Z,98.818,391184,60450.951984548374,239302952,68844.55007401557,272530101,6.8,26919,5033
42eNtgbrbYhQwu7gDtZ1TExj3fyLSh868eaBg9eKPfHQ,solana,solana_money_boys,Solana Money Boys,,4444 moneyboys building the metaverse. ,,https://dl.airtable.com/.attachmentThumbnails/f888165dfb28fd6b10fdccb0cb7b4748/4f2d29a6,,,,,,2021-12-23T14:50:46.119Z,98.8029,17775,1669.10067085,300271,1482.769839,266750,0.65,117,0
0xad9fd7cb4fc7a0fbce08d64068f60cbde22ed34c,ethereum,collectvox,Vox Collectibles,VOX,"Meet VOX, the adorable collectible series from Gala Labs.
Own, play and earn rewards with your unique ERC721 avatar.",1793,https://lh3.googleusercontent.com/2QUNq1tqWDePg7jCqM7usnLNukDRTUc33VgVLkBYry4VKkess3MgRGw5fpz3qD5i2shfuyWdJH8Z8lWWyn39YcfeOMz7SjScZXnL=s120,http://collectvox.com,,,,,2021-12-19T00:14:22.671Z,97.637,386509,16798.674316550772,66499736,34887.896441379315,138108273,1.88,7442,3342
0xa67d63e68715dcf9b65e45e5118b5fcd1e554b5f,ethereum,pepsi-mic-drop,Pepsi Mic Drop,PEPSIMICDROP,"The Pepsi Mic Drop genesis NFT is a generative-style collection of unique NFTs that live on the Ethereum blockchain. A nod to the year Pepsi was born, each of our 1,893 genesis tokens are created using nearly 50 unique attributes across 6 categories, including microphones, stages, accessories, and more.

Pepsi and music have been intertwined for decades, and our genesis NFT collection pays homage to our love of pop stars and musical legends while setting the stage for what‚Äôs to come in the world of Pepsi NFTs. This will be a Mic Drop of epic proportions!",952,https://lh3.googleusercontent.com/FFdqBWESVvcbuDddU32Y0ke99NYvjNEJiIvuc9T7nqV1_Z3_uDUVmj2bJqY07toaq2twkv5l-3ml2avuF17pzB9ib3dXFojcDlHZXN0=s120,https://micdrop.pepsi.com/,,,,,2021-12-19T00:14:26.440Z,93.67400300000008,370821,1602.8670287118957,6345158,2025.6277371136757,8018711,0.67,2652,1396
0xbd4455da5929d5639ee098abfaa3241e9ae111af,ethereum,nft-worlds,NFT Worlds,NFT Worlds,"**NFT Worlds is the most capable & flexible metaverse platform.**

Each NFT World is an explorable, limitless world that can be built into anything you can imagine.

NFT Worlds are Minecraft compatible, massively multiplayer, will have developer APIs, are decentralized, and more.

[nftworlds.com](https://nftworlds.com/) ‚Ä¢ [Docs](https://docs.nftworlds.com/) ‚Ä¢ [Whitepaper](https://bit.ly/3iBmSFi)       
[Twitter](https://twitter.com/nftworldsnft) ‚Ä¢ [Discord](https://discord.com/invite/AEVWVPeeG3)

Roadmap:     
[x] All Worlds Minted.     
[x] World and rarity distribution data files.     
[x] World manager dApp.     
[x] Minecraft Compatibility.    
[x] World Building & Exploration.     
[x] World Syncing To NFT.     
[x] World Overviewer dApp.     
[x] World Explorer Web dApp.     
[ ] Global Multiplayer Support.     
[ ] Open Source Developer APIs.",1637,https://lh3.googleusercontent.com/DIafQlRW63pQ8UJqmdQBBOHZcubAE9rAkbovVx_WU_-TmIg3hF7z0y60gUGvah85_uYVgBxmhNfWUXwajaUmYZsrCPp8ZdYE0Z-wrt0=s120,https://docs.nftworlds.com/,,,,,2021-12-19T00:14:29.078Z,90.77289999999996,359336,5512.309121803424,21821192,11180.652740020134,44260067,0.95,3761,4625
0x0d0167a823c6619d430b1a96ad85b888bcf97c37,ethereum,expansionpunks,ExpansionPunks,xPUNK,"~ [Homepage](https://expansionpunks.com/) - [Read more](https://medium.com/@Posvar) ~ 

A community-led expansion to the CryptoPunks phenomena that empowers everyone to feel welcome, valued and represented in the emerging metaverse. Honoring the ethos of the original collection's design philosophies and trait principles, ExpansionPunks are fully unique and diverse additions to the Punkverse.



EXPANSIONPUNKS 2021 - NOT AFFILIATED WITH LARVALABS",15737,https://lh3.googleusercontent.com/wOcdC7XRZ5JZ3Z5xym5jEi895YGuZKzrDxRLaxHPXWBPxH8fzXs9_7oml8mka4Suj2xp-yAu4q9Qp3-vx5aiWCbh-WCyu2pybUUEIQ=s120,https://expansionpunks.com/,,,,,2021-12-19T00:15:50.063Z,85.7306467891,339376,713.603434096257,2824892,1556.673609782561,6162295,0.1489,589,2804
0x7cae7b9b9a235d1d94102598e1f23310a0618914,ethereum,croakz-v2-1,CROAKZ by McGill!,CROAKZ,"CROAKZ are a collection of 6969 small amphibious creatures that vibe in a bog and croak at the moon. Each CROAK has a crafted feel of excellence, and displays an artistry that fills the imagination with wonder. Some of them can be licked, but of course caution is recommended.",5878,https://lh3.googleusercontent.com/U3owPRJPKaSazF_N14NXEqAbYXQ1oEWoXLMcRgTi6v77av8lGxl7yNrrP5q5n31v7F1Ij0M9G76OAS99cdeZ3u68pJW0JoQEiMo6y5Y=s120,https://croakz.io,,,,,2021-12-19T00:15:32.215Z,84.59389900000004,334876,2326.1611727017043,9208411,2241.1431283557904,8871856,0.11,435,3527
0x1e87ee9249cc647af9edeecb73d6b76af14d8c27,ethereum,superlativeapes,Superlative Apes,SLAPE,"The Superlative Apes is a collection of 4,444 derivative Superlative Apes NFTs‚Äî unique digital and colorful collectibles living on the Ethereum blockchain. Destined to give you a happy and warm feeling. Creating a solid and loyal community, who we reward with exclusive members-only benefits. Only for real owners of Superlative Apes. Community driven project.",1821,https://lh3.googleusercontent.com/W298Kwkd7CfnXVz6bqlGBppI9QTcUFC10eYlsnaGPYWHj_xmInraO60jYvyH7oftAUaUtXl1UXJiZY7QzniEanmf_GvlLrQAg47lMA=s120,http://www.superlativeapes.com,,,,,2021-12-19T00:15:40.083Z,82.94970999999002,328367,138.9084150678902,549887,402.1556980857991,1591986,0.07,277,2493
0x9bf252f97891b907f002f2887eff9246e3054080,ethereum,akc,Ape Kids Club (AKC),AKC,"In a magical world where apes ruled the metaverse, a magical thousand-year-old tree sprouted cute baby apes. A flock of storks were the loyal companions of the thousand-year-old tree. One sunny day, a total of 9999 baby apes were born. Storks followed their inner call and delivered all the baby apes. The families were so grateful and elated that they wanted even more baby apes. All were delivered and all lived a joyous life with their parents.

As the parents were busy navigating the metaverse and the kid apes grew up, they left their kid apes with Victorior, the friendliest teacher in the whole metaverse. Victorior was beloved by the kid apes since he is a talented art teacher who spreads his love through art.",5631,https://lh3.googleusercontent.com/BmTeBOPt6ORxpskCC1xFsTNvxyBDEwj85u6apUTvfAngVPIME3coIUwwcwGC8WKgTjfGgH3gzx2ze15KxPBkzF5ZDsBk87dcjgVQoLY=s120,http://www.apekidsclub.io,,,,,2021-12-19T00:15:41.537Z,81.26386539999999,321694,9100.587835803388,36025860,9042.564843361304,35796168,0.42,1663,5296
0x0938e3f7ac6d7f674fed551c93f363109bda3af9,ethereum,neo-tokyo-part-3-item-caches,Neo Tokyo Part 3 Item Caches,NTITEM,,224,https://lh3.googleusercontent.com/fmy3rZQgswpkd5TV3QWl66JG3SvIPGhWDtHr3dKKi15EAUb96k-lKFsi0amKXyJv9Lh7xnDBHG0Btq--bIorfDfL0dJ39RVQYofU=s120,,,,,,2021-12-19T00:15:29.677Z,80.97,320530,3397.933312873963,13451161,16538.9878875,65471734,2.75,10886,460
0xf9d53e156fe880889e777392585feb46d8d840f6,ethereum,dinobabies,DinoBabies,DINOBABIES,"Dino Babies in Space is the animated action-comedy series from the mind of Matt Bollinger. This art-driven project focuses on connecting fans of independent animation with a community treasury that gets to vote on and act as a producer in every part of the show‚Äôs creative process. By owning one of the 5,500 uniquely generated Ziggys, you are participating in the full production of animated television and we are excited for you to be with us.",3978,https://lh3.googleusercontent.com/eCFT-2w0a3JeWfLLicV7kxR2OJhPr7gETDUpMnEpDR0KdE4Gk3OAwXiRuHJN8hlSINSzSEl8DZjs3ICsEvUFjX8T7d-07K5m7wAg-A=s120,https://www.dinobabies.io/,,,,,2021-12-19T01:57:30.420Z,80.63846899890021,319190,80.6384689989002,319190,343.1166855903204,1358155,0.1178,466,1330
terra1934kn7p03ns94htl75zpzsg0n4yvw8yf2746ep,terra,styllar,Styllar,,STYLLAR is a revolutionary NFT avatar project inspired by popular culture.,,https://randomearth-mirror.s3.us-east-2.amazonaws.com/styllar-icon.png,https://randomearth.io/collections/terra1934kn7p03ns94htl75zpzsg0n4yvw8yf2746ep,,,,,2021-12-22T03:03:10.739Z,77.99,7208,53446.41883200033,4939518,15075.0,1393232,1.5,139,3165
BEjfuTRQbHhvG9CgK2hTS1mRHCMyLvDAPDk5mScgkmWg,solana,noiaducks,NoiaDucks,,1000 NoiaDucks SoldOut in 2 minutes! They guarantee 100% Royalty sharing and 51% Profit Sharing from our NFT Marketplace to be deployed.,,https://dl.airtable.com/.attachmentThumbnails/741b3b58b1dcfcc2e4ea307ced36c169/18109b3e,,,,,,2021-12-02T19:36:35.447Z,74.83,17583,19342.674554309,4544948,1788.89,420335,8.8,2068,0
0xf1268733c6fb05ef6be9cf23d24436dcd6e0b35e,ethereum,desperate-ape-wives,Desperate ApeWives,DAW,"Inspired by the award winning television series ‚ÄúThe Desperate Housewives‚Äù, DAW is a collection of 10,000 Desperate ApeWives NFTs. With signature red lips each Ape Wife is not only an awesome fine art JPEG, it‚Äôs also an exclusive DAW membership card that allows access to members-only benefits which will be revealed over time. 

Each Desperate Ape Wife is unique and algorithmically generated from over 218 traits. All apewives are hot but some are supermodels is our tagline. As part of our roadmap development, our vision is to bridge the NFT space with the physical world, one of the many pros is that ownership and commercial usage rights are given to the owner, over their NFT.",2316,https://lh3.googleusercontent.com/6yDCMzPIcptR38LjsP-QyMvan-6rO8RSy_tHtwzXVpppTEuFXbgxTIjt5TzlP94Ql30bUeStPSrJQx0Ca1xd48K5PCiK3v-CvFLsBg=s120,https://desperateapewives.com,,,,,2021-12-19T00:15:45.919Z,71.74872599999998,284027,9159.109805471968,36257527,15597.651171150701,61745330,0.93,3682,4653
0xb932a70a57673d89f4acffbe830e8ed7f75fb9e0,ethereum,superrare,SuperRare,,"SuperRare makes it easy to create, sell, and collect rare digital art. SuperRare's smart contract platform allows artists to release limited-edition digital artwork tracked on the blockchain, making the pieces rare, verified, and collectible. Filter the crypto art world's best selling works by artist name, creation type, and year of birth on OpenSea.",30112,https://lh3.googleusercontent.com/-1VbTF_qOdwTUTxW8KzJbFcMX0-mDF-BJM-gmmRl8ihvoo53PF_1z1m1snLXxwcxVFyJH7wk_kouq-KVyB55N9U=s60,https://superrare.co,,,,,2021-12-19T00:15:44.323Z,70.8115,280317,60106.89490077286,237940957,28201.358711888246,111638745,0.09,356,5723
8sjf4KZ4CbXWsjzgYZNhPQFvPV15mJ7AuPuecBSmZAT1,solana,turnt_up_tikis,Turnt Up Tikis,,"Turnt Up Tikis are a collection of 3600 NFTs, bringing a gamified experience to the Solana Community. The Tiki ecosystem revolves around the $TUT token which is earned by holding Tikis. The more rare your Tiki, the more $TUT it earns for gen 2 & 3 Tiki Gods and Villages!",,https://dl.airtable.com/.attachmentThumbnails/6829c754c61fa4b7df87dfb3a56bb272/f41c09e2,,,,,,2021-12-23T14:52:59.779Z,70.655203566,12711,4420.499445162,795248,375.43648999,67541,0.6,108,0
0x90ca8a3eb2574f937f514749ce619fdcca187d45,ethereum,gamblingapes,Gambling Apes,GA,"Gambling Ape owners co-own a Casino in the Metaverse, are invited to exclusive meetups & weekly competitions, and much more!

Join our community with more than 65,000 Members in Discord üëá
https://discord.gg/gamblingapes",3787,https://lh3.googleusercontent.com/L4UK_wLnVUUL1BPUgex4ntWhS-IREHFKR6nxqFrxervu7iumFc9Za6cSVK6o8wGfPlmLpIFgzLHsq432a9_SMT7y2LXVTpbDwNkvFQ=s120,https://gamblingapes.com/,,,,,2021-12-19T00:15:42.931Z,68.57895,271479,7882.582358320142,31204227,10979.081648523124,43462122,1.28,5067,3926
0x76be3b62873462d2142405439777e971754e8e77,ethereum,parallelalpha,Parallel Alpha,LL,Sci-fi collectable card game with NFTs.,10207,https://lh3.googleusercontent.com/nxaymgd9aJIzLXb0r3oLO0VCMFi0Zex1ubTmEYekEKwOVq1YijOULDeT1qCjk71OTsQW47zmvZ2ZuycXorgu6WA6Wosc6CiOuVnAXGk=s120,http://www.parallel.life,,,,,2021-12-19T00:15:47.310Z,67.97678799000008,269095,51248.48964901061,202873809,98.06606704944433,388207,0.009,36,30250
0x469823c7b84264d1bafbcd6010e9cdf1cac305a3,ethereum,crypto-bull-society,Crypto Bull Society,CBS,"The Crypto Bull Society is a private collection of 7.777 unique 3D art pieces designed by Gal Yosef. 

Every holder of a Crypto bull will be able to claim a Crypto bear for free.

Visit our website for more information.

www.cryptobullsociety.com",6542,https://lh3.googleusercontent.com/PcoKbJefCrX9vMPsrc8IwCH2rN8OPppi_e9UyBGQi-gehJjondQLRmGT00Ejx6vsglrWjeqPCpngdzeVfUDUqzyi8mrwOkYCVdaS=s120,http://cryptobullsociety.com,,,,,2021-12-19T00:15:48.699Z,67.2569,266245,7583.334972616799,30019617,19245.60695268544,76186237,1.98,7838,4690
0x0b4b2ba334f476c8f41bfe52a428d6891755554d,ethereum,jrny-club-official,JRNY CLUB OFFICIAL,JNC,"JRNY NFT CLUB is a membership NFT that grants you access to future JRNY NFT sets, private community chat and announcements, exclusive NFT videos, early access to partner NFT projects and more.

Find more info and short-term roadmap here: https://jrny.club/

**BEWARE OF SCAMMERS. ALWAYS VERIFY YOU'RE ON THE OFFICIAL COLLECTION PAGE FROM OUR SOCIALS**",1295,https://lh3.googleusercontent.com/zj2Rka2PYonWXbyiwi_8s7ecOiXYaqHH-K1EZkeuITvSqJ41RIMTICoXfpopTVZ_CB9bIjTJHzwrL7x5eN3yLoAK2VxGDo4-Sw_oTw=s120,http://jrny.club,,,,,2021-12-19T00:15:56.969Z,66.15978,261902,7047.732199368297,27899364,14767.362047404582,58458522,1.55,6136,7701
0xeda3b617646b5fc8c9c696e0356390128ce900f8,ethereum,jadu-hoverboard,Jadu Hoverboard,Hoverboard,"Jadu Hoverboards are NFTs that let your avatars fly in the Metaverse. Along with [Jadu Jetpacks](https://opensea.io/collection/jadu-jetpack) they will be key transport machines in [Jadu](https://jadu.ar/nft/hoverboards)'s Augmented Reality World: The Mirrorverse.

Supported Avatars: [CyberKongz VX](https://opensea.io/collection/cyberkongz-vx) ‚Ä¢ [FLUFs](https://opensea.io/collection/fluf-world) ‚Ä¢ [DeadFellaz](https://opensea.io/collection/deadfellaz) ‚Ä¢ [Meebits](https://opensea.io/collection/meebits) ‚Ä¢ [VOIDs](https://opensea.io/collection/visitors-of-imma-degen)  ‚Ä¢ [Chibi Apes](https://opensea.io/collection/chibi-apes)

Signature Series: Grimes ‚Ä¢ Lewis Hamilton ‚Ä¢ Snoop Dogg ‚Ä¢ Trippy ‚Ä¢ Mimi Onuoha",5538,https://lh3.googleusercontent.com/6aidut4KF0Ltw296sQ07V1KTn5_aEtssMUuQfcStrZfdGvVHVhP1z36-lcdSwpo6s3CiTSYY_jdXTg1fws_nFQWPohThvHmVXxh2MA=s120,https://jadu.ar/nft/hoverboards,,,,,2021-12-19T00:15:51.450Z,59.228102408477845,234462,1795.2583967296243,7106764,4762.113996259342,18851447,0.31,1227,3477
terra1chrdxaef0y2feynkpq63mve0sqeg09acjnp55v,terra,levana-dragons-meteors,Levana Dragons: Meteors,,Stage 1 of the Levana Dragons Adventure,,https://d75aawrtvbfp1.cloudfront.net/partners/levana/icon.png,https://randomearth.io/collections/terra1chrdxaef0y2feynkpq63mve0sqeg09acjnp55v,,,,,2021-12-22T03:03:13.079Z,59.057,5458,19318.412034,1785408,20808.0,1923075,0.5,46,2223
0x059edd72cd353df5106d2b9cc5ab83a52287ac3a,ethereum,chromie-squiggle-by-snowfro,Chromie Squiggle by Snowfro,,Chromie Squiggle by Snowfro - Art Blocks Curated,7578,https://lh3.googleusercontent.com/m_MpnLUjOsNcpuFavS7NNjA3nWSS08Kv1IIJMHv46Jg_RLtjhuqClN-7MtwezbbdA26F9i50PDG63IyQ_HN7cFRXm4Pl9s0sAA6_,https://www.artblocks.io/project/0,,,,,2021-12-19T00:15:52.865Z,56.76899999999999,224727,4967.734990561602,19665425,56955.73627647091,225466686,5.5,21772,2160
0xa3aee8bce55beea1951ef834b99f3ac60d1abeeb,ethereum,veefriends,VeeFriends,VFT,A Gary Vaynerchuk NFT project around meaningful intellectual property and an extraordinary community.,279,https://lh3.googleusercontent.com/5y-UCAXiNOFXH551w5bWdZEYOCdHPwbqmcKb-xa3uVQEjQgxvih3HtZWSmzqDqd0uk7kIqFrZhw32Gt6xPBFg4t_n9BKhpou-dwnOg=s120,https://veefriends.com/,,,,,2021-12-19T00:15:38.601Z,56.05,221881,32957.44040734633,130466312,125971.50596739129,498674583,9.0,35628,5105
0x792496a3f678187e59e1d1d5e075799cd1e124c2,ethereum,squishy-squad,Squishy Squad NFT,SQUISH,"The Squishy Squad is a collection of 8,888 dangerously cute squishes that live on the Ethereum blockchain. Each piece was thoroughly crafted, selectively chosen, and beautifully coded for our incredible community. Each squish is cute, goofy, and knows how to party like there‚Äôs no tomorrow. ",2954,https://lh3.googleusercontent.com/QpNMoHSR7sSxv27_B1v3Y7VvOl8-_JigGgy84CL2xLFKqJCVf7-giOcyl4mkheXdDi1FO2V2RDAx99DaQDHmiWSLZTxCpS3g2ASLwZg=s120,http://www.squishysquadnft.com,,,,,2021-12-19T00:15:58.343Z,52.92656999999998,209517,777.0537635696048,3076068,1385.1569642800434,5483324,0.082,325,5856
0xfbeef911dc5821886e1dda71586d90ed28174b7d,ethereum,known-origin,KnownOrigin,KODA,"Discover rare digital art and collect NFTs. 

Since Apr. 2018.",387201,https://lh3.googleusercontent.com/53L422-5QSOKOaWTu3-EWZkymYoyFo6L60AnxPXqz4rNgX1-E162tIljSyVOa3hyVACvJNGdih4lFummnHPx-1Fa=s60,https://knownorigin.io,,,,,2021-12-19T00:15:54.225Z,52.82350000000002,209109,7662.498260683904,30332995,55965.80704239129,221547923,0.021,83,8865
3TmEZvTqMFzJzqub7RpdgUXqnQrabS9z5LHgrAjiR3ZM,solana,cryptocubsmutants,CryptoCubs Mutants,,"From the ashes of the burned CryptoCubs, rose 5,000 ghoulish CryptoCubs Mutants. Mutants are only minted when a holder combines one cub with one Eggplant Elixir at our mutation portal - https://cryptocubs.io/chamber One in five Mutants will come with the ""Green Paw"" trait which is required to generate $eggplant tokens. $Eggplant is the utility token that fuels the CryptoCubs ecosystem. It is not an investment and has no economic value.",,https://dl.airtable.com/.attachmentThumbnails/9110a4d0c3a460bfefbde89a210f4108/904affcf,,,,,,2021-11-25T00:46:39.485Z,50.7122,10572,1083.80529,225941,8908.32689,1857119,0.75,156,0
CLErvyrMpi66RAxNV2wveSi25NxHb8G383MSVuGDgZzp,solana,degenerate_trash_pandas,Degenerate Trash Pandas,,"Inhabiting their own underworld society, the Degenerate Trash Pandas are governed by no individuals and live by no rules. What they have is their trash, and their trash is their treasure. They‚Äôll do whatever they can to get their dirty little paws on it.",,https://dl.airtable.com/.attachmentThumbnails/3c4fcde4c8ce6dbea98feca031f86a7e/54075bc7,,,,,,2021-12-23T14:57:12.565Z,50.634206898,9109,43373.427064519,7802880,716910.2171,128972148,1.85,333,0
0x8d4100897447d173289560bc85c5c432be4f44e4,ethereum,grayboys,Gray Boys,GRAY,"Gray Boys are a collection of 10,000 generative NFTs that act as membership to The Mothership.

The Gray Boys' Mothership is the first of its kind experiment to proxy NFT ownership verification, perks and utility of other blue chip projects to all Gray Boy holders. Gray Boy holders vote for what NFTs The Mothership's wallet acquires, and proxied ownership of those acquired NFTs is shared amongst all members. 

Visit https://grayboysnft.com/ for more details.

Verified Smart Contract: https://etherscan.io/address/0x8d4100897447d173289560BC85c5C432Be4f44E4#code",7040,https://lh3.googleusercontent.com/YyDYdthDkWfr19tpjCedtcgLdapxiTkQ2zjmPDdBUngMobX-meNlniRtWkfUrXCrk-7o5YgaD31a8nxZKQLUz3S41ImMQgoYKe04Vg=s120,https://grayboysnft.com/,,,,,2021-12-19T00:16:05.023Z,46.680766290114384,184792,167.82143454674215,664343,1178.0017955056903,4663273,0.085,336,2774
0x5df340b5d1618c543ac81837da1c2d2b17b3b5d8,ethereum,billionaireclubnft,Party Ape Billionaire Club,PABC,"The BILLIONAIRE CLUB is a private collection of 10 000 billionaire apes NFTs‚Äîunique digital collectibles. 
Earlier this year, a mysterious force coming from another galaxy summoned the most influential people on planet Earth to a secret party. Acquiring one of them will give you access to an ever-growing community of investors and entrepreneurs.

Visit www.billionaireclubnft.com for more details on the multiple utilities. ",6740,https://lh3.googleusercontent.com/Oe_7ubo3GJENShHm7FjsdiMfBKQmbMID5Mggpq--duS5zZdqvaRfMOjDWBU2QB6yqbtAX-uPFBUIVK7WCGkYeZopuTGoLhxCnYhXvA=s120,http://www.billionaireclubnft.com/,,,,,2021-12-19T00:16:06.457Z,46.26926789000001,183163,6884.7681056021065,27254250,3893.8636274915134,15414365,0.38,1504,4732
0xa1d4657e0e6507d5a94d06da93e94dc7c8c44b51,ethereum,worldwidewebbland,Worldwide Webb Land,WEBBLAND,,9013,https://lh3.googleusercontent.com/Tc7kJNU7hcpmCCykek6ANVhWervl1zhbNIlM_T3VSR1hsSCrOGG6IiNALSs8v-OgUVJvoKW6tVbJWjnJti_o0ihvUNlxFWfZV9V9=s120,https://worldwideweb3.com/,,,,,2021-12-19T00:16:01.174Z,46.200299999999984,182890,4957.8520513722815,19626302,6249.392742156325,24739034,0.385,1524,4572
0x71017b774639e586628e436fc1091155586c2cbf,ethereum,billelis-v2,Billelis V2,MEMENTOMORI,,1,,,,,,,2021-12-19T00:16:02.370Z,45.69,180870,45.69,180870,45.69,180870,0.0,0,1
0x7deb7bce4d360ebe68278dee6054b882aa62d19c,ethereum,planetdaos,MetaHero Universe: Planet Tokens,PLANET,"Home to MetaHero Identities, MetaHero Universe is a decentralized and community-governed social gaming platform with experiences spanning nine planets and one moon, each with a  Planetary DAO. Each planet token represents Planetary DAO voting power, imbuing collectors with a voice and the ability to collectively envision, build, and shape the futures of both the platform through its own DAO (the United Planets DAO) and each of the planetary experiences that comprise it. Each planet will serve as its own unique and interactive environment, providing opportunities to the DAOs and players via land-based sales, environmental resources, cosmetics, gameplay, and more.",6,https://lh3.googleusercontent.com/cyJeHA0Oo-KveczexdimAxDHTCtmvApkn2SWFhq_QmU4CotxW1uCRp-rBydovapL65kG5geRCrGZts74o3eZS9VONQ6549A4DIMCjg=s120,http://punkscomic.com/planetdao,,,,,2021-12-19T00:15:55.631Z,45.07019999999998,178416,3574.6543932554578,14150734,3.030327992826399,11996,0.166,657,9457
0x8de878b9b29bfbb33eec346965194a37a83b45b1,ethereum,the-f8-club-original-nft,The F8 Club - NFT,F8CLUB,"F8 Club is the Meta Verse project of the future. Buy a ship, race for tokens, and use bots to your advantage to take over the F8 Meta Verse. 6,000 Ships and 2,000 bots enter the Meta Verse to aid in your journey to becoming the best F8 Club Racer of all time",415,https://lh3.googleusercontent.com/YpPzQzp27Kz81XrqMQXTmZuToWWzUwZZXmyoYCou29IWJKt5lAu8DHwutHtrw8KopTxxykvGDgpfSOBjGYZbZXRvJjfmpohPfbCEKQ=s120,https://thef8club.io/,,,,,2021-12-18T23:31:25.219Z,44.987060283235856,178606,44.98706028323586,178606,192.80168692815366,765454,0.165,655,750
ofvvFQ3jPYoVBJQgic7QqA3jLB8Ckoc4iR9NMEKxxpe,solana,solanatown,SolanaTown,,Come check out the solanatown Metaverse. The alpha is live at https://alpha.solanatown.com. You do not need to own a Token to enter and interact. Hop in and check out current Resident homes or enjoy other activities with Residents.,,https://dl.airtable.com/.attachmentThumbnails/5b7f1c6093af0fa4b5040bede7dcfbc6/e9c6154b,,,,,,2021-12-23T14:49:28.802Z,44.85,8069,3181.741239,572395,4283.004,770512,2.0,360,0
0x97a923ed35351a1382e6bcbb5239fc8d93360085,ethereum,cryptochampionsnft,Crypto Champions Collection,CHAMPS,"OFFICIALLY SOLD OUT

Crypto Champions is a collection of 8,888 unique NFTs that will give access to an exclusive community of entrepreneurs; investors and ambitious people. Champions‚Äô Holders will have access to exclusive information, networking events, online masterminds. Finally, they will also get a unique opportunity to improve the rarity of their NFTs...",6187,https://lh3.googleusercontent.com/ztB_wO7DS_QWxksgvgtfCExPTmtd9UNwu0m3QXA221Cx4CttqjzcOa89JZQ38U5oUK7RrdI1hpAerGESXKasPVL2qYK_E4NqRvjN=s120,https://cryptochampionsnft.io/,,,,,2021-12-19T00:16:09.205Z,44.40583223333334,175786,1255.662609705324,4970704,2389.437951926254,9458901,0.2599,1029,4490
0x1d20a51f088492a0f1c57f047a9e30c9ab5c07ea,ethereum,loomlock,loomlocknft (Wassies),LL,Web 3 meets legacy hardware. With Wassies.,1419,https://lh3.googleusercontent.com/hak-BBigL52sS3OO2zyQ7X5BwOWmEiGFdCY6wur0HbNCpYTfAUz5_1CLD8fdhjwZrGBvG4TvzrqzZWtf8jqIxgDv2cIxoEqt7MGfyg=s120,https://loomlock.com,,,,,2021-12-19T00:16:03.841Z,44.22879999999999,175085,6629.110439174944,26242195,5959.571805314687,23591740,0.5,1979,2627
0xb76fbbb30e31f2c3bdaa2466cfb1cfe39b220d06,ethereum,wool-pouch,Wolf Game - Wool Pouch,WPOUCH,,5644,https://lh3.googleusercontent.com/WbsvgftKvXTeSKmE2C9L6_bVY5Y015WBj0wjcaG7mP3IEy7tX6S6xO63wX1WxvsUuLj4akqHqPHXzq5fj69GPnViZbaLUOQ5N_NJXZE=s120,,,,,,2021-12-19T00:16:07.827Z,43.06350000000003,170472,379.97753966224735,1504190,3289.2573163265297,13020953,0.1389,550,3067
